{
  "project_info": {
    "project_number": "946871611122",
    "firebase_url": "https://foodycon-restaurant-default-rtdb.firebaseio.com",
    "project_id": "foodycon-restaurant",
    "storage_bucket": "foodycon-restaurant.appspot.com"
  },
  "client": [
    {
      "client_info": {
        "mobilesdk_app_id": "1:946871611122:android:e38829c0d964054e462a6b",
        "android_client_info": {
          "package_name": "com.Foodicon.app"
        }
      },
      "oauth_client": [
        {
          "client_id": "946871611122-9hku6rk6oo829i6j575v7829c8hjnsun.apps.googleusercontent.com",
          "client_type": 3
        }
      ],
      "api_key": [
        {
          "current_key": "AIzaSyCHc_eplzTQ2Hpaz_orEIQ3QhmMfao9ENU"
        }
      ],
      "services": {
        "appinvite_service": {
          "other_platform_oauth_client": [
            {
              "client_id": "946871611122-9hku6rk6oo829i6j575v7829c8hjnsun.apps.googleusercontent.com",
              "client_type": 3
            }
          ]
        }
      }
    },
    {
      "client_info": {
        "mobilesdk_app_id": "1:946871611122:android:64995af8f4492341462a6b",
        "android_client_info": {
          "package_name": "com.example.foodyconrestaurant"
        }
      },
      "oauth_client": [
        {
          "client_id": "946871611122-9hku6rk6oo829i6j575v7829c8hjnsun.apps.googleusercontent.com",
          "client_type": 3
        }
      ],
      "api_key": [
        {
          "current_key": "AIzaSyCHc_eplzTQ2Hpaz_orEIQ3QhmMfao9ENU"
        }
      ],
      "services": {
        "appinvite_service": {
          "other_platform_oauth_client": [
            {
              "client_id": "946871611122-9hku6rk6oo829i6j575v7829c8hjnsun.apps.googleusercontent.com",
              "client_type": 3
            }
          ]
        }
      }
    }
  ],
  "configuration_version": "1"
}